atomic_number,period,group,block,symbol,name,appearance,phase,ionRadius,atomic_mass,super_category,category,bondingType,density,cpkHexColor,MeltingPoint,BoilingPoint,molar_heat,HeatCapacity,HeatOfFusion,HeatOfVaporization,CovalentRadius,VanDerWaalsRadius,Electronegativity,OxidationStates,IonizationEnergy,ThermalConductivity,ElectronAffinity,AbundanceCrust,AbundanceUniverse,radioactive,synthetic,YearDiscovered,discovered_by,source,image.url
1,1,1,s,H,Hydrogen,colorless gas,Gas,,1.008,nonmetals,diatomic nonmetal,diatomic,0.08988,FFFFFF,13.99,20.28,28.836,14.304,0.117,0.904,53,120,2.2,1,1312,0.1805,72.769,1400,75,no,no,1766,Henry Cavendish,https://en.wikipedia.org/wiki/Hydrogen,https://upload.wikimedia.org/wikipedia/commons/d/d9/Hydrogenglow.jpg
2,1,18,s,He,Helium,"colorless gas, exhibiting a red-orange glow when placed in a high-voltage electric field",Gas,,4.002602,nonmetals,noble gas,atomic,0.1786,D9FFFF,0.95,4.22,,5.193,0.0138,0.0829,32,140,,0,2372.3,0.1513,-50,0.008,23,no,no,1868,Pierre Janssen,https://en.wikipedia.org/wiki/Helium,https://upload.wikimedia.org/wikipedia/commons/0/00/Helium-glow.jpg
3,2,1,s,Li,Lithium,silvery-white,Solid,76 (+1),6.94,metals,alkali metal,metallic,0.534,CC80FF,453.65,1560,24.86,3.582,3,136,134,182,0.98,1,520.2,84.8,59.632,20,0.0000006,no,no,1817,Johan August Arfwedson,https://en.wikipedia.org/wiki/Lithium,https://upload.wikimedia.org/wikipedia/commons/e/e2/0.5_grams_lithium_under_argon.jpg
4,2,2,s,Be,Beryllium,white-gray metallic,Solid,45 (+2),9.012183,metals,alkaline earth metal,metallic,1.85,C2FF00,1560,2742,16.443,1.825,7.895,292,90,153,1.57,2,899.5,200,-50,2.8,0.0000001,no,no,1798,Louis Nicolas Vauquelin,https://en.wikipedia.org/wiki/Beryllium,https://upload.wikimedia.org/wikipedia/commons/e/e2/Beryllium_%28Be%29.jpg
5,2,13,p,B,Boron,black-brown,Solid,27 (+3),10.81,metalloids,metalloid,covalent network,2.08,FFB5B5,2349,4200,11.087,1.026,50.2,508,82,192,2.04,3,800.6,27.4,26.989,10,0.0000001,no,no,1808,Joseph Louis Gay-Lussac,https://en.wikipedia.org/wiki/Boron,https://upload.wikimedia.org/wikipedia/commons/a/a2/Boron.jpg
6,2,14,p,C,Carbon,,Solid,16 (+4),12.011,nonmetals,polyatomic nonmetal,covalent network,1.821,909090,3823,4300,8.517,0.709,117,,77,170,2.55,"-4,-3,-2,-1,0,1,2,3,4",1086.5,140,121.776,200,0.5,no,no,-3750,Ancient Egypt,https://en.wikipedia.org/wiki/Carbon,https://upload.wikimedia.org/wikipedia/commons/6/68/Pure_Carbon.png
7,2,15,p,N,Nitrogen,"colorless gas, liquid or solid",Gas,146 (-3),14.007,nonmetals,diatomic nonmetal,diatomic,1.251,3050F8,63.15,77.36,,1.04,0.72,5.57,75,155,3.04,"-3,2,3,4,5",1402.3,0.02583,-0.07,19,0.1,no,no,1772,Daniel Rutherford,https://en.wikipedia.org/wiki/Nitrogen,https://upload.wikimedia.org/wikipedia/commons/2/2d/Nitrogen-glow.jpg
8,2,16,p,O,Oxygen,,Gas,140 (-2),15.999,nonmetals,diatomic nonmetal,diatomic,1.429,FF0D0D,54.36,90.2,,0.918,0.444,6.82,73,152,3.44,-2,1313.9,0.02658,140.976,461000,1,no,no,1771,Carl Wilhelm Scheele,https://en.wikipedia.org/wiki/Oxygen,https://upload.wikimedia.org/wikipedia/commons/a/a0/Liquid_oxygen_in_a_beaker_%28cropped_and_retouched%29.jpg
9,2,17,p,F,Fluorine,,Gas,133 (-1),18.9984,nonmetals,diatomic nonmetal,atomic,1.696,9.00E+51,53.48,85.03,,0.824,0.51,6.62,71,147,3.98,-1,1681,0.0277,328.164,585,0.00004,no,no,1810,AndrÃ©-Marie AmpÃ¨re,https://en.wikipedia.org/wiki/Fluorine,https://upload.wikimedia.org/wikipedia/commons/2/2c/Fluoro_liquido_a_-196%C2%B0C_1.jpg
10,2,18,p,Ne,Neon,colorless gas exhibiting an orange-red glow when placed in a high voltage electric field,Gas,,20.17976,nonmetals,noble gas,atomic,0.9002,B3E3F5,24.56,27.07,,1.03,0.335,1.71,69,154,,0,2080.7,0.0491,-120,0.005,0.13,no,no,1898,Morris Travers,https://en.wikipedia.org/wiki/Neon,https://upload.wikimedia.org/wikipedia/commons/f/f8/Neon-glow.jpg
11,3,1,s,Na,Sodium,silvery white metallic,Solid,102 (+1),22.98977,metals,alkali metal,metallic,0.968,AB5CF2,370.944,1156,28.23,1.228,2.6,97.42,154,227,0.93,1,495.8,142,52.867,23600,0.002,no,no,1807,Humphry Davy,https://en.wikipedia.org/wiki/Sodium,https://upload.wikimedia.org/wikipedia/commons/2/27/Na_%28Sodium%29.jpg
12,3,2,s,Mg,Magnesium,shiny grey solid,Solid,72 (+2),24.305,metals,alkaline earth metal,metallic,1.738,8AFF00,923,1363,24.869,1.023,8.48,128,130,173,1.31,2,737.7,156,-40,23300,0.059,no,no,1755,Joseph Black,https://en.wikipedia.org/wiki/Magnesium,https://upload.wikimedia.org/wikipedia/commons/3/3f/Magnesium_crystals.jpg
13,3,13,p,Al,Aluminium,silvery gray metallic,Solid,53.5 (+3),26.98154,metals,post-transition metal,metallic,2.7,BFA6A6,933.47,2792,24.2,0.897,10.71,284,118,184,1.61,3,577.5,237,41.762,82300,0.005,no,no,1825,H. C. Ã˜rsted,https://en.wikipedia.org/wiki/Aluminium,https://upload.wikimedia.org/wikipedia/commons/3/3e/Aluminium.jpg
14,3,14,p,Si,Silicon,"crystalline, reflective with bluish-tinged faces",Solid,40 (+4),28.085,metalloids,metalloid,metallic,2.329,F0C8A0,1687,3538,19.789,0.705,50.21,359,111,210,1.9,"-4,4",786.5,149,134.068,282000,0.07,no,no,1823,JÃ¶ns Jacob Berzelius,https://en.wikipedia.org/wiki/Silicon,https://upload.wikimedia.org/wikipedia/commons/2/2c/Silicon.jpg
15,3,15,p,P,Phosphorus,"colourless, waxy white, yellow, scarlet, red, violet, black",Solid,44 (+3),30.97376,nonmetals,polyatomic nonmetal,covalent network,1.823,FF8000,317.3,550,23.824,0.769,0.66,12.4,106,180,2.19,"-3,3,5",1011.8,0.236,72.037,1050,0.0007,no,no,1669,Hennig Brand,https://en.wikipedia.org/wiki/Phosphorus,https://upload.wikimedia.org/wikipedia/commons/6/6d/Phosphorus-purple.jpg
16,3,16,p,S,Sulfur,lemon yellow sintered microcrystals,Solid,184 (-2),32.06,nonmetals,polyatomic nonmetal,covalent network,2.07,FFFF30,388.36,717.87,22.75,0.71,1.727,45,102,180,2.58,"-2,2,4,6",999.6,0.205,200.41,350,0.05,no,no,-2000,Ancient china,https://en.wikipedia.org/wiki/Sulfur,https://upload.wikimedia.org/wikipedia/commons/2/23/Native_sulfur_%28Vodinskoe_Deposit%3B_quarry_near_Samara%2C_Russia%29_9.jpg
17,3,17,p,Cl,Chlorine,pale yellow-green gas,Gas,181 (-1),35.45,nonmetals,diatomic nonmetal,covalent network,3.2,1FF01F,171.6,239.11,,0.479,6.406,20.41,99,175,3.16,"-1,1,3,5,7",1251.2,0.0089,348.575,145,0.0001,no,no,1774,Carl Wilhelm Scheele,https://en.wikipedia.org/wiki/Chlorine,https://upload.wikimedia.org/wikipedia/commons/9/9a/Chlorine-sample-flip.jpg
18,3,18,p,Ar,Argon,colorless gas exhibiting a lilac/violet glow when placed in a high voltage electric field,Gas,,39.9481,nonmetals,noble gas,atomic,1.784,80D1E3,83.81,87.3,,0.52,1.18,6.53,97,188,,0,1520.6,0.01772,-96,3.5,0.02,no,no,1894,Lord Rayleigh,https://en.wikipedia.org/wiki/Argon,https://upload.wikimedia.org/wikipedia/commons/5/53/Argon-glow.jpg
19,4,1,s,K,Potassium,silvery gray,Solid,138 (+1),39.09831,metals,alkali metal,metallic,0.862,8F40D4,336.7,1032,29.6,0.757,2.321,76.9,196,275,0.82,1,418.8,102.5,48.383,20900,0.0003,no,no,1807,Humphry Davy,https://en.wikipedia.org/wiki/Potassium,https://upload.wikimedia.org/wikipedia/commons/b/b3/Potassium.JPG
20,4,2,s,Ca,Calcium,,Solid,100 (+2),40.0784,metals,alkaline earth metal,metallic,1.55,3DFF00,1115,1757,25.929,0.647,8.54,154.7,174,231,1,2,589.8,201,2.37,41500,0.007,no,no,1808,Humphry Davy,https://en.wikipedia.org/wiki/Calcium,https://upload.wikimedia.org/wikipedia/commons/7/72/Calcium.jpg
21,4,3,d,Sc,Scandium,silvery white,Solid,74.5 (+3),44.95591,metals,transition metal,metallic,2.985,E6E6E6,1814,3109,25.52,0.568,14.1,332.7,144,211,1.36,3,633.1,15.8,18,22,0.000003,no,no,1879,Lars Fredrik Nilson,https://en.wikipedia.org/wiki/Scandium,https://upload.wikimedia.org/wikipedia/commons/f/f5/Scandium%2C_Sc.jpg
22,4,4,d,Ti,Titanium,silvery grey-white metallic,Solid,86 (+2),47.8671,metals,transition metal,metallic,4.506,BFC2C7,1941,3560,25.06,0.523,14.15,425,136,,1.54,"3,4",658.8,21.9,8,5650,0.0003,no,no,1791,William Gregor,https://en.wikipedia.org/wiki/Titanium,https://upload.wikimedia.org/wikipedia/commons/e/ec/Titanium.jpg
23,4,5,d,V,Vanadium,blue-silver-grey metal,Solid,79 (+2),50.94151,metals,transition metal,metallic,6,A6A6AB,2183,3680,24.89,0.489,21.5,444,125,,1.63,"2,3,4,5",650.9,30.7,50.911,120,0.0001,no,no,1801,AndrÃ©s Manuel del RÃ­o,https://en.wikipedia.org/wiki/Vanadium,https://upload.wikimedia.org/wikipedia/commons/0/0a/Vanadium-pieces.jpg
24,4,6,d,Cr,Chromium,silvery metallic,Solid,80 (+2*),51.99616,metals,transition metal,metallic,7.19,8A99C7,2180,2944,23.35,0.449,21,339.5,127,,1.66,"2,3,6",652.9,93.9,65.21,102,0.0015,no,no,1794,Louis Nicolas Vauquelin,https://en.wikipedia.org/wiki/Chromium,https://upload.wikimedia.org/wikipedia/commons/a/a1/Chromium.jpg
25,4,7,d,Mn,Manganese,silvery metallic,Solid,67 (+2),54.93804,metals,transition metal,metallic,7.21,9C7AC7,1519,2334,26.32,0.479,12.91,221,139,,1.55,"2,3,4,6,7",717.3,7.81,-50,950,0.0008,no,no,1774,Torbern Olof Bergman,https://en.wikipedia.org/wiki/Manganese,https://upload.wikimedia.org/wikipedia/commons/6/64/Manganese_element.jpg
26,4,8,d,Fe,Iron,lustrous metallic with a grayish tinge,Solid,78 (+2*),55.8452,metals,transition metal,metallic,7.874,E06633,1811,3134,25.1,0.449,13.81,340,125,,1.83,"2,3,6",762.5,80.4,14.785,56300,0.11,no,no,-5000,5000 BC,https://en.wikipedia.org/wiki/Iron,https://images-of-elements.com/iron-2.jpg
27,4,9,d,Co,Cobalt,hard lustrous gray metal,Solid,74.5 (+2*),58.93319,metals,transition metal,metallic,8.9,F090A0,1768,3200,24.81,0.421,16.06,377,126,,1.88,"2,3",760.4,100,63.898,25,0.0003,no,no,1735,Georg Brandt,https://en.wikipedia.org/wiki/Cobalt,https://upload.wikimedia.org/wikipedia/commons/6/62/Cobalt_ore_2.jpg
28,4,10,d,Ni,Nickel,"lustrous, metallic, and silver with a gold tinge",Solid,69 (+2),58.69344,metals,transition metal,metallic,8.908,50D050,1728,3186,26.07,0.444,17.48,379,121,163,1.91,"2,3",737.1,90.9,111.65,84,0.006,no,no,1751,Axel Fredrik Cronstedt,https://en.wikipedia.org/wiki/Nickel,https://upload.wikimedia.org/wikipedia/commons/5/57/Nickel_chunk.jpg
29,4,11,d,Cu,Copper,red-orange metallic luster,Solid,77 (+1),63.5463,metals,transition metal,metallic,8.96,C88033,1357.77,2835,24.44,0.385,13.26,300.4,138,140,1.9,"1,2",745.5,401,119.235,60,0.000006,no,no,-9000,Middle East,https://en.wikipedia.org/wiki/Copper,https://upload.wikimedia.org/wikipedia/commons/f/f0/NatCopper.jpg
30,4,12,d,Zn,Zinc,silver-gray,Solid,74 (+2),65.382,metals,transition metal,metallic,7.14,7D80B0,692.68,1180,25.47,0.388,7.32,115,131,139,1.65,2,906.4,116,-60,70,0.00003,no,no,-1000,India,https://en.wikipedia.org/wiki/Zinc,https://upload.wikimedia.org/wikipedia/commons/b/ba/Zinc_%2830_Zn%29.jpg
31,4,13,p,Ga,Gallium,silver-white,Solid,62 (+3),69.7231,metals,post-transition metal,metallic,5.91,C28F8F,302.9146,2673,25.86,0.371,5.59,256,126,187,1.81,3,578.8,40.6,41,19,0.000001,no,no,1875,Lecoq de Boisbaudran,https://en.wikipedia.org/wiki/Gallium,https://upload.wikimedia.org/wikipedia/commons/b/b1/Solid_gallium_%28Ga%29.jpg
32,4,14,p,Ge,Germanium,grayish-white,Solid,73 (+2),72.6308,metalloids,metalloid,metallic,5.323,668F8F,1211.4,3106,23.222,0.32,36.94,334,122,211,2.01,"-4,2,4",762,60.2,118.935,1.5,0.00002,no,no,1886,Clemens Winkler,https://en.wikipedia.org/wiki/Germanium,https://upload.wikimedia.org/wikipedia/commons/0/08/Polycrystalline-germanium.jpg
33,4,15,p,As,Arsenic,metallic grey,Solid,58 (+3),74.9216,metalloids,metalloid,metallic,5.727,BD80E3,1090,887,24.64,0.329,24.44,32.4,119,185,2.18,"-3,3,5",947,50.2,77.65,1.8,0.0000008,no,no,300,Bronze Age,https://en.wikipedia.org/wiki/Arsenic,https://upload.wikimedia.org/wikipedia/commons/3/3b/Arsenic_%2833_As%29.jpg
34,4,16,p,Se,Selenium,"black, red, and gray (not pictured) allotropes",Solid,198 (-2),78.9718,nonmetals,polyatomic nonmetal,metallic,4.81,FFA100,494,958,25.363,0.321,6.69,95.48,116,190,2.55,"-2,2,4,6",941,0.519,194.958,0.05,0.000003,no,no,1817,JÃ¶ns Jakob Berzelius,https://en.wikipedia.org/wiki/Selenium,https://upload.wikimedia.org/wikipedia/commons/7/7f/Selenium.jpg
35,4,17,p,Br,Bromine,,Liquid,196 (-1),79.904,nonmetals,diatomic nonmetal,covalent network,3.1028,A62929,265.8,332,,0.474,10.57,29.96,114,185,2.96,"-1,1,3,5,7",1139.9,0.12,324.537,2.4,0.0000007,no,no,1825,Antoine JÃ©rÃ´me Balard,https://en.wikipedia.org/wiki/Bromine,https://upload.wikimedia.org/wikipedia/commons/8/87/Bromine-ampoule.jpg
36,4,18,p,Kr,Krypton,"colorless gas, exhibiting a whitish glow in a high electric field",Gas,,83.7982,nonmetals,noble gas,atomic,3.749,5CB8D1,115.78,119.93,,0.248,1.64,9.08,110,202,3,0,1350.8,0.00943,-60,0.0001,0.000004,no,no,1898,William Ramsay,https://en.wikipedia.org/wiki/Krypton,https://upload.wikimedia.org/wikipedia/commons/9/9c/Krypton-glow.jpg
37,5,1,s,Rb,Rubidium,grey white,Solid,152 (+1),85.46783,metals,alkali metal,metallic,1.532,702EB0,312.45,961,31.06,0.363,2.19,75.77,211,303,0.82,1,403,58.2,46.884,90,0.000001,no,no,1861,Robert Bunsen,https://en.wikipedia.org/wiki/Rubidium,https://upload.wikimedia.org/wikipedia/commons/c/c9/Rb5.JPG
38,5,2,s,Sr,Strontium,,Solid,118 (+2),87.621,metals,alkaline earth metal,metallic,2.64,00FF00,1050,1655,26.4,0.301,7.43,141,192,249,0.95,2,549.5,35.4,5.023,370,0.000004,no,no,1787,William Cruickshank (chemist),https://en.wikipedia.org/wiki/Strontium,https://upload.wikimedia.org/wikipedia/commons/8/84/Strontium-1.jpg
39,5,3,d,Y,Yttrium,silvery white,Solid,90 (+3),88.90584,metals,transition metal,metallic,4.472,94FFFF,1799,3609,26.53,0.298,11.42,390,162,,1.22,3,600,17.2,29.6,33,0.0000007,no,no,1794,Johan Gadolin,https://en.wikipedia.org/wiki/Yttrium,https://upload.wikimedia.org/wikipedia/commons/9/90/Piece_of_Yttrium.jpg
40,5,4,d,Zr,Zirconium,silvery white,Solid,72 (+4),91.2242,metals,transition metal,metallic,6.52,94E0E0,2128,4682,25.36,0.278,14,573,148,,1.33,4,640.1,22.6,41.81,165,0.000005,no,no,1789,Martin Heinrich Klaproth,https://en.wikipedia.org/wiki/Zirconium,https://upload.wikimedia.org/wikipedia/commons/1/1d/Zirconium-pieces.jpg
41,5,5,d,Nb,Niobium,"gray metallic, bluish when oxidized",Solid,72 (+3),92.90637,metals,transition metal,metallic,8.57,73C2C9,2750,5017,24.6,0.265,30,689.9,137,,1.6,"3,5",652.1,53.7,88.516,20,0.0000002,no,no,1801,Charles Hatchett,https://en.wikipedia.org/wiki/Niobium,https://upload.wikimedia.org/wikipedia/commons/c/c2/Niobium_strips.JPG
42,5,6,d,Mo,Molybdenum,gray metallic,Solid,69 (+3),95.951,metals,transition metal,metallic,10.28,54B5B5,2896,4912,24.06,0.251,37.48,617,145,,2.16,"2,3,4,5,6",684.3,138,72.1,1.2,0.0000005,no,no,1778,Carl Wilhelm Scheele,https://en.wikipedia.org/wiki/Molybdenum,https://upload.wikimedia.org/wikipedia/commons/f/f0/Molybdenum.jpg
43,5,7,d,Tc,Technetium,shiny gray metal,Solid,64.5 (+4),98,metals,transition metal,metallic,11,3B9E9E,2430,4538,24.27,,33.29,585.2,156,,1.9,"4,7",702,50.6,53.067,3.00E-09,,yes,no,1937,Emilio SegrÃ¨,https://en.wikipedia.org/wiki/Technetium,https://upload.wikimedia.org/wikipedia/commons/a/ab/Technetium-sample-cropped.jpg
44,5,8,d,Ru,Ruthenium,silvery white metallic,Solid,68 (+3),101.072,metals,transition metal,metallic,12.45,248F8F,2607,4423,24.06,0.238,38.59,619,126,,2.2,"3,4,6",710.2,117,100.96,0.001,0.0000004,no,no,1844,Karl Ernst Claus,https://en.wikipedia.org/wiki/Ruthenium,https://upload.wikimedia.org/wikipedia/commons/a/a8/Ruthenium_crystal.jpg
45,5,9,d,Rh,Rhodium,silvery white metallic,Solid,66.5 (+3),102.9055,metals,transition metal,metallic,12.41,0A7D8C,2237,3968,24.98,0.243,26.59,494,135,,2.28,"3,4",719.7,150,110.27,0.001,0.00000006,no,no,1804,William Hyde Wollaston,https://en.wikipedia.org/wiki/Rhodium,https://upload.wikimedia.org/wikipedia/commons/5/54/Rhodium_%28Rh%29.jpg
46,5,10,d,Pd,Palladium,silvery white,Solid,59 (+1),106.421,metals,transition metal,metallic,12.023,6985,1828.05,3236,25.98,0.244,16.74,358,131,163,2.2,"2,4",804.4,71.8,54.24,0.015,0.0000002,no,no,1802,William Hyde Wollaston,https://en.wikipedia.org/wiki/Palladium,https://upload.wikimedia.org/wikipedia/commons/d/d7/Palladium_%2846_Pd%29.jpg
47,5,11,d,Ag,Silver,lustrous white metal,Solid,115 (+1),107.8682,metals,transition metal,metallic,10.49,C0C0C0,1234.93,2435,25.35,0.235,11.28,254,153,172,1.93,"1,2",731,429,125.862,0.075,0.00000006,no,no,-5000,"unknown, before 5000 BC",https://en.wikipedia.org/wiki/Silver,https://upload.wikimedia.org/wikipedia/commons/e/e4/Silver-nugget.jpg
48,5,12,d,Cd,Cadmium,silvery bluish-gray metallic,Solid,95 (+2),112.4144,metals,transition metal,metallic,8.65,FFD98F,594.22,1040,26.02,0.232,6.21,99.87,148,158,1.69,2,867.8,96.6,-70,0.159,0.0000002,no,no,1817,Karl Samuel Leberecht Hermann,https://en.wikipedia.org/wiki/Cadmium,https://images-of-elements.com/cadmium-4.jpg
49,5,13,p,In,Indium,silvery lustrous gray,Solid,80 (+3),114.8181,metals,post-transition metal,metallic,7.31,A67573,429.7485,2345,26.74,0.233,3.281,231.8,144,193,1.78,3,558.3,81.8,28.95,0.25,0.00000003,no,no,1863,Ferdinand Reich,https://en.wikipedia.org/wiki/Indium,https://images-of-elements.com/indium-2.jpg
50,5,14,p,Sn,Tin,"silvery-white (beta, Î²) or gray (alpha, Î±)",Solid,112 (+2),118.7107,metals,post-transition metal,metallic,7.365,668080,505.08,2875,27.112,0.228,7.03,296.1,141,217,1.96,"-4,2,4",708.6,66.8,107.298,2.3,0.0000004,no,no,-3500,"unknown, before 3500 BC",https://en.wikipedia.org/wiki/Tin,https://upload.wikimedia.org/wikipedia/commons/6/6a/Tin-2.jpg
51,5,15,p,Sb,Antimony,silvery lustrous gray,Solid,76 (+3),121.7601,metalloids,metalloid,metallic,6.697,9E63B5,903.78,1860,25.23,0.207,19.79,193.43,138,206,2.05,"-3,3,5",834,24.4,101.059,0.2,0.00000004,no,no,-3000,"unknown, before 3000 BC",https://en.wikipedia.org/wiki/Antimony,https://upload.wikimedia.org/wikipedia/commons/5/5c/Antimony-4.jpg
52,5,16,p,Te,Tellurium,,Solid,221 (-2),127.603,metalloids,metalloid,metallic,6.24,D47A00,722.66,1261,25.73,0.202,17.49,114.1,135,206,2.1,"-2,2,4,6",869.3,3,190.161,0.001,0.0000009,no,no,1782,Franz-Joseph MÃ¼ller von Reichenstein,https://en.wikipedia.org/wiki/Tellurium,https://upload.wikimedia.org/wikipedia/commons/c/c1/Tellurium2.jpg
53,5,17,p,I,Iodine,"lustrous metallic gray, violet as a gas",Solid,220 (-1),126.9045,nonmetals,diatomic nonmetal,covalent network,4.933,940094,386.85,457.4,,0.214,15.52,41.57,133,198,2.66,"-1,1,3,5,7",1008.4,0.45,295.1531,0.45,0.0000001,no,no,1811,Bernard Courtois,https://en.wikipedia.org/wiki/Iodine,https://upload.wikimedia.org/wikipedia/commons/c/c2/Iodine-sample.jpg
54,5,18,p,Xe,Xenon,"colorless gas, exhibiting a blue glow when placed in a high voltage electric field",Gas,48 (+8),131.2936,nonmetals,noble gas,atomic,5.894,429EB0,161.4,165.03,,0.158,2.27,12.64,130,216,2.6,"2,4,6",1170.4,0.00565,-80,0.00003,0.000001,no,no,1898,William Ramsay,https://en.wikipedia.org/wiki/Xenon,https://upload.wikimedia.org/wikipedia/commons/5/5d/Xenon-glow.jpg
55,6,1,s,Cs,Cesium,silvery gold,Solid,167 (+1),132.9055,metals,alkali metal,metallic,1.93,57178F,301.7,944,32.21,0.242,2.09,63.9,225,343,0.79,1,375.7,35.9,45.505,3,0.00000008,no,no,1860,Robert Bunsen,https://en.wikipedia.org/wiki/Cesium,https://upload.wikimedia.org/wikipedia/commons/3/3d/Cesium.jpg
56,6,2,s,Ba,Barium,,Solid,135 (+2),137.3277,metals,alkaline earth metal,metallic,3.51,00C900,1000,2170,28.07,0.204,7.12,140.3,198,268,0.89,2,502.9,18.4,13.954,425,0.000001,no,no,1772,Carl Wilhelm Scheele,https://en.wikipedia.org/wiki/Barium,https://upload.wikimedia.org/wikipedia/commons/f/f5/Barium_%2856_Ba%29.jpg
57,6,3,f,La,Lanthanum,silvery white,Solid,103.2 (+3),138.9055,metals,lanthanide,metallic,6.162,70D4FF,1193,3737,27.11,0.195,6.2,400,169,,1.1,3,538.1,13.4,45.3,39,0.0000002,no,no,1838,Carl Gustaf Mosander,https://en.wikipedia.org/wiki/Lanthanum,https://upload.wikimedia.org/wikipedia/commons/f/f7/Lanthanum.jpg
58,6,3,f,Ce,Cerium,silvery white,Solid,102 (+3),140.1161,metals,lanthanide,metallic,6.77,FFFFC7,1068,3716,26.94,0.192,5.46,398,158,,1.12,"3,4",534.4,11.3,62.75,66.5,0.000001,no,no,1803,Martin Heinrich Klaproth,https://en.wikipedia.org/wiki/Cerium,https://upload.wikimedia.org/wikipedia/commons/0/0d/Cerium2.jpg
59,6,3,f,Pr,Praseodymium,grayish white,Solid,99 (+3),140.9077,metals,lanthanide,metallic,6.77,D9FFC7,1208,3793,27.2,0.193,6.89,331,247,,1.13,3,527,12.5,93,9.2,0.0000002,no,no,1885,Carl Auer von Welsbach,https://en.wikipedia.org/wiki/Praseodymium,https://upload.wikimedia.org/wikipedia/commons/c/c7/Praseodymium.jpg
60,6,3,f,Nd,Neodymium,silvery white,Solid,129 (+2),144.2423,metals,lanthanide,metallic,7.01,C7FFC7,1297,3347,27.45,0.19,7.14,289,206,,1.14,3,533.1,16.5,184.87,41.5,0.000001,no,no,1885,Carl Auer von Welsbach,https://en.wikipedia.org/wiki/Neodymium,https://upload.wikimedia.org/wikipedia/commons/c/c9/Neodymium_%2860_Nd%29.jpg
61,6,3,f,Pm,Promethium,metallic,Solid,97 (+3),145,metals,lanthanide,metallic,7.26,A3FFC7,1315,3273,,,7.13,289,205,,1.13,3,540,17.9,12.45,2.00E-19,,yes,no,1942,Chien Shiung Wu,https://en.wikipedia.org/wiki/Promethium,https://upload.wikimedia.org/wikipedia/commons/5/5b/Promethium.jpg
62,6,3,f,Sm,Samarium,silvery white,Solid,122 (+2),150.362,metals,lanthanide,metallic,7.52,8FFFC7,1345,2067,29.54,0.197,8.62,192,238,,1.17,3,544.5,13.3,15.63,7.05,0.0000005,no,no,1879,Lecoq de Boisbaudran,https://en.wikipedia.org/wiki/Samarium,https://upload.wikimedia.org/wikipedia/commons/8/88/Samarium-2.jpg
63,6,3,f,Eu,Europium,,Solid,117 (+2),151.9641,metals,lanthanide,metallic,5.264,61FFC7,1099,1802,27.66,0.182,9.21,176,231,,1.2,"2,3",547.1,13.9,83.36,2,0.00000005,no,no,1896,EugÃ¨ne-Anatole DemarÃ§ay,https://en.wikipedia.org/wiki/Europium,https://upload.wikimedia.org/wikipedia/commons/6/6a/Europium.jpg
64,6,3,f,Gd,Gadolinium,silvery white,Solid,93.8 (+3),157.253,metals,lanthanide,metallic,7.9,45FFC7,1585,3546,37.03,0.236,10.05,301.3,233,,1.2,3,593.4,10.6,13.22,6.2,0.0000002,no,no,1880,Jean Charles Galissard de Marignac,https://en.wikipedia.org/wiki/Gadolinium,https://upload.wikimedia.org/wikipedia/commons/c/c2/Gadolinium-2.jpg
65,6,3,f,Tb,Terbium,silvery white,Solid,92.3 (+3),158.9254,metals,lanthanide,metallic,8.23,30FFC7,1629,3503,28.91,0.182,10.15,391,225,,1.2,3,565.8,11.1,112.4,1.2,0.00000005,no,no,1843,Carl Gustaf Mosander,https://en.wikipedia.org/wiki/Terbium,https://upload.wikimedia.org/wikipedia/commons/9/9a/Terbium-2.jpg
66,6,3,f,Dy,Dysprosium,silvery white,Solid,107 (+2),162.5001,metals,lanthanide,metallic,8.54,1FFFC7,1680,2840,27.7,0.17,11.06,280,228,,1.22,3,573,10.7,33.96,5.2,0.0000002,no,no,1886,Lecoq de Boisbaudran,https://en.wikipedia.org/wiki/Dysprosium,https://upload.wikimedia.org/wikipedia/commons/5/55/Dysprosium-2.jpg
67,6,3,f,Ho,Holmium,silvery white,Solid,90.1 (+3),164.9303,metals,lanthanide,metallic,8.79,00FF9C,1734,2993,27.15,0.165,17,251,226,,1.23,3,581,16.2,32.61,1.3,0.00000005,no,no,1878,Marc Delafontaine,https://en.wikipedia.org/wiki/Holmium,https://upload.wikimedia.org/wikipedia/commons/0/0a/Holmium2.jpg
68,6,3,f,Er,Erbium,silvery white,Solid,89 (+3),167.2593,metals,lanthanide,metallic,9.066,0.00E+00,1802,3141,28.12,0.168,19.9,280,226,,1.24,3,589.3,14.5,30.1,3.5,0.0000002,no,no,1843,Carl Gustaf Mosander,https://en.wikipedia.org/wiki/Erbium,https://upload.wikimedia.org/wikipedia/commons/2/2a/Erbium-2.jpg
69,6,3,f,Tm,Thulium,silvery gray,Solid,103 (+2),168.9342,metals,lanthanide,metallic,9.32,00D452,1818,2223,27.03,0.16,16.84,191,222,,1.25,3,596.7,16.9,99,0.52,0.00000001,no,no,1879,Per Teodor Cleve,https://en.wikipedia.org/wiki/Thulium,https://upload.wikimedia.org/wikipedia/commons/6/6b/Thulium-2.jpg
70,6,3,f,Yb,Ytterbium,,Solid,102 (+2),173.0451,metals,lanthanide,metallic,6.9,00BF38,1097,1469,26.74,0.155,7.66,129,222,,1.1,3,603.4,38.5,-1.93,3.2,0.0000002,no,no,1878,Jean Charles Galissard de Marignac,https://en.wikipedia.org/wiki/Ytterbium,https://upload.wikimedia.org/wikipedia/commons/c/ce/Ytterbium-3.jpg
71,6,3,d,Lu,Lutetium,silvery white,Solid,86.1 (+3),174.9668,metals,lanthanide,metallic,9.841,00AB24,1925,3675,26.86,0.154,22,414,160,,1.27,3,523.5,16.4,33.4,0.8,0.00000001,no,no,1906,Georges Urbain,https://en.wikipedia.org/wiki/Lutetium,https://upload.wikimedia.org/wikipedia/commons/e/e8/Lutetium.jpg
72,6,4,d,Hf,Hafnium,steel gray,Solid,71 (+4),178.492,metals,transition metal,metallic,13.31,4DC2FF,2506,4876,25.73,0.144,27.2,648,150,,1.3,4,658.5,23,1.64,3,0.00000007,no,no,1922,Dirk Coster,https://en.wikipedia.org/wiki/Hafnium,https://upload.wikimedia.org/wikipedia/commons/1/17/Hafnium_%2872_Hf%29.jpg
73,6,5,d,Ta,Tantalum,gray blue,Solid,72 (+3),180.9479,metals,transition metal,metallic,16.69,4DA6FF,3290,5731,25.36,0.14,36.57,732.8,138,,1.5,5,761,57.5,31,2,0.000000008,no,no,1802,Anders Gustaf Ekeberg,https://en.wikipedia.org/wiki/Tantalum,https://upload.wikimedia.org/wikipedia/commons/6/61/Tantalum.jpg
74,6,6,d,W,Tungsten,"grayish white, lustrous",Solid,66 (+4),183.841,metals,transition metal,metallic,19.25,2194D6,3695,5828,24.27,0.132,52.31,806.7,146,,2.36,"2,3,4,5,6",770,173,78.76,1.3,0.00000005,no,no,1781,Carl Wilhelm Scheele,https://en.wikipedia.org/wiki/Tungsten,https://upload.wikimedia.org/wikipedia/commons/c/c8/Tungsten_rod_with_oxidised_surface.jpg
75,6,7,d,Re,Rhenium,silvery-grayish,Solid,63 (+4),186.2071,metals,transition metal,metallic,21.02,267DAB,3459,5869,25.48,0.137,60.43,704,159,,1.9,"2,4,6,7",760,48,5.8273,0.0007,0.00000002,no,no,1908,Masataka Ogawa,https://en.wikipedia.org/wiki/Rhenium,https://upload.wikimedia.org/wikipedia/commons/d/d9/Pure_rhenium_bead%2C_arc_melted%2C_21_grams._Original_size_in_cm_-_1.5_x_1.7.jpg
76,6,8,d,Os,Osmium,"silvery, blue cast",Solid,63 (+4),190.233,metals,transition metal,metallic,22.59,266696,3306,5285,24.7,0.13,57.85,678,128,,2.2,"2,3,4,6,8",840,87.6,106.1,0.002,0.0000003,no,no,1803,Smithson Tennant,https://en.wikipedia.org/wiki/Osmium,https://upload.wikimedia.org/wikipedia/commons/3/3c/Osmium-bead.jpg
77,6,9,d,Ir,Iridium,silvery white,Solid,68 (+3),192.2173,metals,transition metal,metallic,22.56,175487,2719,4701,25.1,0.131,41.12,564,137,,2.2,"2,3,4,6",880,147,150.94,0.001,0.0000002,no,no,1803,Smithson Tennant,https://en.wikipedia.org/wiki/Iridium,https://upload.wikimedia.org/wikipedia/commons/a/a8/Iridium-2.jpg
78,6,10,d,Pt,Platinum,silvery white,Solid,86 (+2),195.0849,metals,transition metal,metallic,21.45,D0D0E0,2041.4,4098,25.86,0.133,22.17,510,128,175,2.28,"2,4",870,71.6,205.041,0.005,0.0000005,no,no,1735,Antonio de Ulloa,https://en.wikipedia.org/wiki/Platinum,https://upload.wikimedia.org/wikipedia/commons/6/68/Platinum_crystals.jpg
79,6,11,d,Au,Gold,metallic yellow,Solid,137 (+1),196.9666,metals,transition metal,metallic,19.3,FFD123,1337.33,3129,25.418,0.129,12.55,342,144,166,2.54,"1,3",890.1,318,222.747,0.004,0.00000006,no,no,-6000,Middle East,https://en.wikipedia.org/wiki/Gold,https://upload.wikimedia.org/wikipedia/commons/8/8a/Gold_%2879_Au%29.jpg
80,6,12,d,Hg,Mercury,silvery,Liquid,119 (+1),200.5923,metals,transition metal,metallic,13.534,B8B8D0,234.321,629.88,27.983,0.14,2.29,59.11,149,155,2,"1,2",1007.1,8.3,-50,0.085,0.0000001,no,no,-2000,"unknown, before 2000 BCE",https://en.wikipedia.org/wiki/Mercury (Element),https://upload.wikimedia.org/wikipedia/commons/b/be/Hydrargyrum_%2880_Hg%29.jpg
81,6,13,p,Tl,Thallium,silvery white,Solid,150 (+1),204.38,metals,post-transition metal,metallic,11.85,A6544D,577,1746,26.32,0.129,4.14,165,148,196,1.62,"1,3",589.4,46.1,36.4,0.85,0.00000005,no,no,1861,William Crookes,https://en.wikipedia.org/wiki/Thallium,https://upload.wikimedia.org/wikipedia/commons/5/55/Thallium_%2881_Tl%29.jpg
82,6,14,p,Pb,Lead,metallic gray,Solid,119 (+2),207.21,metals,post-transition metal,metallic,11.34,575961,600.61,2022,26.65,0.129,4.77,179.5,147,202,1.87,"2,4",715.6,35.3,34.4204,14,0.000001,no,no,-7000,Middle East,https://en.wikipedia.org/wiki/Lead_(element),https://upload.wikimedia.org/wikipedia/commons/6/63/Lead-2.jpg
83,6,15,p,Bi,Bismuth,lustrous silver,Solid,103 (+3),208.9804,metals,post-transition metal,metallic,9.78,9E4FB5,544.7,1837,25.52,0.122,11.3,179,146,207,2.02,"3,5",703,7.97,90.924,0.009,0.00000007,no,no,1753,Claude FranÃ§ois Geoffroy,https://en.wikipedia.org/wiki/Bismuth,https://upload.wikimedia.org/wikipedia/commons/a/a5/Bismuth-2.jpg
84,6,16,p,Po,Polonium,silvery,Solid,94 (+4),209,metals,post-transition metal,metallic,9.196,AB5C00,527,1235,26.4,,13,102.91,135,197,2,"-2,2,4,6",812.1,,183.3,2.00E-10,,yes,no,1898,Pierre Curie,https://en.wikipedia.org/wiki/Polonium,https://images-of-elements.com/polonium.jpg
85,6,17,p,At,Astatine,"unknown, probably metallic",Solid,62 (+7),210,metalloids,metalloid,covalent network,6.35,754F45,575,610,,,,54.39,127,202,2.2,"-1,1,3,5,7",899.003,1.7,221.9,3.00E-20,,yes,no,1940,Dale R. Corson,https://en.wikipedia.org/wiki/Astatine,https://images-of-elements.com/astatine.jpg
86,6,18,p,Rn,Radon,"colorless gas, occasionally glows green or red in discharge tubes",Gas,,222,metals,noble gas,atomic,9.73,428296,202,211.3,,0.094,3.247,18.1,145,220,2.2,"0,2,6",1037,0.00361,-70,4.00E-13,,yes,no,1899,Friedrich Ernst Dorn,https://en.wikipedia.org/wiki/Radon,https://images-of-elements.com/radon.jpg
87,7,1,s,Fr,Francium,,Solid,180 (+1),223,metals,alkali metal,metallic,1.87,420066,300,950,,,2,65,,348,0.7,1,380,,46.89,1.00E-18,,yes,no,1939,Marguerite Perey,https://en.wikipedia.org/wiki/Francium,https://images-of-elements.com/francium.jpg
88,7,2,s,Ra,Radium,silvery white metallic,Solid,148 (+2),226,metals,alkaline earth metal,metallic,5.5,007D00,1233,2010,,0.094,8.5,113,,283,0.9,2,509.3,18.6,9.6485,9.00E-07,,yes,no,1898,Pierre Curie,https://en.wikipedia.org/wiki/Radium,https://upload.wikimedia.org/wikipedia/commons/b/bb/Radium226.jpg
89,7,3,f,Ac,Actinium,,Solid,112 (+3),227,metals,actinide,metallic,10,70ABFA,1500,3471,27.2,0.12,14,400,,,1.1,3,499,12,33.77,5.50E-10,,yes,no,1902,Friedrich Oskar Giesel,https://en.wikipedia.org/wiki/Actinium,https://upload.wikimedia.org/wikipedia/commons/2/27/Actinium_sample_%2831481701837%29.png
90,7,3,f,Th,Thorium,"silvery, often with black tarnish",Solid,94 (+4),232.0377,metals,actinide,metallic,11.724,00BAFF,2023,5061,26.23,0.113,13.81,514,,,1.3,4,587,54,112.72,9.6,0.00000004,no,no,1829,JÃ¶ns Jakob Berzelius,https://en.wikipedia.org/wiki/Thorium,https://upload.wikimedia.org/wikipedia/commons/f/f7/Thorium-1.jpg
91,7,3,f,Pa,Protactinium,"bright, silvery metallic luster",Solid,104 (+3),231.0359,metals,actinide,metallic,15.37,00A1FF,1841,4300,,,12.34,481,,,1.5,5,568,47,53.03,1.40E-06,,no,no,1913,William Crookes,https://en.wikipedia.org/wiki/Protactinium,https://upload.wikimedia.org/wikipedia/commons/a/af/Protactinium-233.jpg
92,7,3,f,U,Uranium,,Solid,102.5 (+3),238.0289,metals,actinide,metallic,19.1,008FFF,1405.3,4404,27.665,0.116,9.14,417.1,,186,1.38,6,597.6,27.5,50.94,2.7,0.00000002,no,no,1789,Martin Heinrich Klaproth,https://en.wikipedia.org/wiki/Uranium,https://upload.wikimedia.org/wikipedia/commons/b/b2/Ames_Process_uranium_biscuit.jpg
93,7,3,f,Np,Neptunium,silvery metallic,Solid,110 (+2),237,metals,actinide,metallic,20.45,0080FF,912,4273,29.46,,3.2,336,,,1.36,5,604.5,6.3,45.85,3.00E-12,,yes,no,1940,"E.M. McMillan, H. Abelson",https://en.wikipedia.org/wiki/Neptunium,https://upload.wikimedia.org/wikipedia/commons/e/e5/Neptunium2.jpg
94,7,3,f,Pu,Plutonium,"silvery white, tarnishing to dark gray in air",Solid,100 (+3),244,metals,actinide,metallic,19.816,006BFF,912.5,3501,35.5,,2.82,333.5,,,1.28,4,584.7,6.74,-48.33,3.00E-11,,yes,no,1941,"Glenn T. Seaborg, Arthur C. Wahl, W. Kennedy, E.M. McMillan",https://en.wikipedia.org/wiki/Plutonium,https://upload.wikimedia.org/wikipedia/commons/0/0f/Plutonium_ring.jpg
95,7,3,f,Am,Americium,silvery white,Solid,126 (+2),243,metals,actinide,metallic,12,545CF2,1449,2880,62.7,,14.39,,,,1.13,3,578,10,9.93,0,,yes,yes,1944,"G. T. Seaborg, R. A. James, O. Morgan, A. Ghiorso",https://en.wikipedia.org/wiki/Americium,https://upload.wikimedia.org/wikipedia/commons/e/ee/Americium_microscope.jpg
96,7,3,f,Cm,Curium,"silvery metallic, glows purple in the dark",Solid,97 (+3),247,metals,actinide,metallic,13.51,785CE3,1613,3383,,,,,,,1.28,3,581,,27.17,0,,yes,yes,1944,"G. T. Seaborg, R. A. James, A. Ghiorso",https://en.wikipedia.org/wiki/Curium,https://images-of-elements.com/s/curium-glow.jpg
97,7,3,f,Bk,Berkelium,silvery,Solid,96 (+3),247,metals,actinide,metallic,14.78,8A4FE3,1259,2900,,,,,,,1.3,3,601,10,-165.24,0,,yes,yes,1949,"S. G. Thompson, A. Ghiorso, G. T. Seaborg (UC Berkeley)",https://en.wikipedia.org/wiki/Berkelium,https://upload.wikimedia.org/wikipedia/commons/f/fc/Berkelium.jpg
98,7,3,f,Cf,Californium,silvery,Solid,95 (+3),251,metals,actinide,metallic,15.1,A136D4,1173,1743,,,,,,,1.3,3,608,,-97.31,0,,yes,yes,1950,"S. G. Thompson, K. Street Jr., A. Ghiorso, G. T. Seaborg (UC Berkeley)",https://en.wikipedia.org/wiki/Californium,https://upload.wikimedia.org/wikipedia/commons/9/93/Californium.jpg
99,7,3,f,Es,Einsteinium,silver-colored,Solid,,252,metals,actinide,,8.84,B31FD4,1133,1269,,,,,,,1.3,3,619,,-28.6,0,,yes,yes,1952,"A. Ghiorso et al. (Argonne Laboratory, Los Alamos Laboratory, UC Berkeley)",https://en.wikipedia.org/wiki/Einsteinium,https://upload.wikimedia.org/wikipedia/commons/5/55/Einsteinium.jpg
100,7,3,f,Fm,Fermium,,Solid,,257,metals,actinide,,,B31FBA,1800,,,,,,,,1.3,3,627,,33.96,0,,yes,yes,1952,"A. Ghiorso et al. (Argonne Laboratory, Los Alamos Laboratory, UC Berkeley)",https://en.wikipedia.org/wiki/Fermium,https://upload.wikimedia.org/wikipedia/commons/5/58/Ivy_Mike_-_mushroom_cloud.jpg
101,7,3,f,Md,Mendelevium,,Solid,,258,metals,actinide,,,B30DA6,1100,,,,,,,,1.3,3,635,,93.91,0,,yes,yes,1955,"A. Ghiorso, G. Harvey, R. Choppin, S. G. Thompson, G. T. Seaborg (Berkeley Radiation Laboratory)",https://en.wikipedia.org/wiki/Mendelevium,https://images-of-elements.com/s/mendelevium.jpg
102,7,3,f,No,Nobelium,,Solid,,259,metals,actinide,,,BD0D87,1100,,,,,,,,1.3,2,642,,-223.22,0,,yes,yes,1966,"E. D. Donets, V. A. Shchegolev, V. A. Ermakov (JINR Dubna)",https://en.wikipedia.org/wiki/Nobelium,https://images-of-elements.com/nobelium.jpg
103,7,3,d,Lr,Lawrencium,,Solid,,266,metals,actinide,,,C70066,1900,,,,,,,,1.3,3,470,,-30.04,0,,yes,yes,1961,"A. Ghiorso, T. Sikkeland, E. Larsh, M. Latimer (Berkeley Radiation Laboratory)",https://en.wikipedia.org/wiki/Lawrencium,https://images-of-elements.com/lawrencium.jpg
104,7,4,d,Rf,Rutherfordium,,Solid,,267,metals,transition metal,,23.2,CC0059,2400,5800,,,,,,,,"3,4",580,,,0,,yes,yes,1969,"A. Ghiorso et al. (Berkeley Radiation Laboratory), I. Zvara et al. (JINR Dubna)",https://en.wikipedia.org/wiki/Rutherfordium,https://images-of-elements.com/s/rutherfordium.jpg
105,7,5,d,Db,Dubnium,,Solid,,268,metals,transition metal,,29.3,D1004F,,,,,,,,,,5,,,,0,,yes,yes,1970,"A. Ghiorso et al. (Berkeley Radiation Laboratory), V. A. Druin et al. (JINR Dubna)",https://en.wikipedia.org/wiki/Dubnium,https://images-of-elements.com/s/transactinoid.png
106,7,6,d,Sg,Seaborgium,,Solid,,269,metals,transition metal,,35,D90045,,,,,,,,,,"4,6",,,,0,,yes,yes,1974,A. Ghiorso et al. (Berkeley Radiation Laboratory),https://en.wikipedia.org/wiki/Seaborgium,https://images-of-elements.com/s/transactinoid.png
107,7,7,d,Bh,Bohrium,,Solid,,270,metals,transition metal,,37.1,E00038,,,,,,,,,,"3,4,5,7",,,,0,,yes,yes,1981,G.MÃ¼nzenberg et al. (GSI Darmstadt),https://en.wikipedia.org/wiki/Bohrium,https://images-of-elements.com/s/transactinoid.png
108,7,8,d,Hs,Hassium,,Solid,,269,metals,transition metal,,40.7,E6002E,126,,,,,,,,,"2,4,6,8",,,,0,,yes,yes,1984,"G. MÃ¼nzenberg, P. Armbruster et al. (GSI Darmstadt)",https://en.wikipedia.org/wiki/Hassium,https://images-of-elements.com/s/transactinoid.png
109,7,9,d,Mt,Meitnerium,,Solid,,278,metals,"unknown, probably transition metal",,37.4,EB0026,,,,,,,,,,"1,3,6",,,,0,,yes,yes,1982,"G. MÃ¼nzenberg, P. Armbruster et al. (GSI Darmstadt)",https://en.wikipedia.org/wiki/Meitnerium,https://images-of-elements.com/s/transactinoid.png
110,7,10,d,Ds,Darmstadtium,,Solid,,281,metals,"unknown, probably transition metal",,34.8,,,,,,,,,,,"0,2,8",,,,0,,yes,yes,1994,S. Hofmann et al. (GSI Darmstadt),https://en.wikipedia.org/wiki/Darmstadtium,https://images-of-elements.com/s/transactinoid.png
111,7,11,d,Rg,Roentgenium,,Solid,,282,metals,"unknown, probably transition metal",,28.7,,,,,,,,,,,3,,,151,0,,yes,yes,1994,S. Hofmann et al. (GSI Darmstadt),https://en.wikipedia.org/wiki/Roentgenium,https://images-of-elements.com/s/transactinoid.png
112,7,12,d,Cn,Copernicium,,Liquid,,285,metals,transition metal,,14,,,357,,,,,,,,"0,1,2,4",,,,0,,yes,yes,1996,S. Hofmann et al. (GSI Darmstadt),https://en.wikipedia.org/wiki/Copernicium,https://images-of-elements.com/s/transactinoid.png
113,7,13,p,Nh,Nihonium,,Solid,,286,metals,"unknown, probably transition metal",,16,,700,1400,,,,,,,,"1,3",,,66.6,0,,yes,yes,2004,"Y. Oganessian et al. (JINR Dubna), K. Morita et al. (RIKEN Wako, Japan)",https://en.wikipedia.org/wiki/Ununtrium,https://images-of-elements.com/s/transactinoid.png
114,7,14,p,Fl,Flerovium,,Solid,,289,metals,post-transition metal,,14,,340,210,,,,,,,,2,,,,0,,yes,yes,1999,Y. Oganessian et al. (JINR Dubna),https://en.wikipedia.org/wiki/Flerovium,https://images-of-elements.com/s/transactinoid.png
115,7,15,p,Mc,Moscovium,,Solid,,289,metals,"unknown, probably post-transition metal",,13.5,,670,1400,,,,,,,,"1,3",,,35.3,0,,yes,yes,2003,Y. Oganessian et al. (JINR Dubna),https://en.wikipedia.org/wiki/Ununpentium,https://images-of-elements.com/s/transactinoid.png
116,7,16,p,Lv,Livermorium,,Solid,,293,metals,"unknown, probably post-transition metal",,12.9,,709,1085,,,,,,,,2,,,74.9,0,,yes,yes,2000,Y. Oganessian et al. (JINR Dubna),https://en.wikipedia.org/wiki/Livermorium,https://images-of-elements.com/s/transactinoid.png
117,7,17,p,Ts,Tennessine,,Solid,,294,metals,"unknown, probably metalloid",,7.17,,723,883,,,,,,,,"1,3",,,165.9,0,,yes,yes,2009,Y. Oganessian et al. (JINR Dubna),https://en.wikipedia.org/wiki/Tennessine,https://images-of-elements.com/s/transactinoid.png
118,7,18,p,Og,Oganesson,,Solid,,294,metals,"unknown, predicted to be noble gas",,4.95,,,350,,,,,,,,"2,4",,,5.403,0,,yes,yes,2002,Y. Oganessian et al. (JINR Dubna),https://en.wikipedia.org/wiki/Oganesson,https://images-of-elements.com/s/transactinoid.png
119,8,1,s,Uue,Ununennium,,Solid,,315,,"unknown, but predicted to be an alkali metal",,3,,,630,,,,,,,,,,,,,,,,,GSI Helmholtz Centre for Heavy Ion Research,https://en.wikipedia.org/wiki/Ununennium,https://images-of-elements.com/s/transactinoid.png